{"region": [[30.321686, 120.36315], [30.320171, 120.36396]], "speed": 2.6, "divide_num": 16, "target": 3100}